Jillane,Chinnick,Awcoate,31698268
Noland,Gossage,Birkhead,53605623
Camille,Kennealy,Edsell,75978775
Dyann,Maryan,Sedge,74262952
Edna,Arnao,Killiam,72998788
Ericka,Godridge,Quimby,97329757
Danya,Crothers,Corssen,37217615
Joane,Guillotin,Voak,59280511
Margarita,Corser,Immins,25279263
Ferd,Garrity,Douthwaite,33359789
Darci,Groom,Nissle,41678835
Hadria,Bonniface,Danzey,14345368
Brook,Gosker,Simson,83047308
Gill,Raithby,Fakeley,94518619
Gabriel,Manchett,Filippozzi,40815151
Rois,Weerdenburg,Cowins,52194889
Nigel,Concannon,Naisbitt,91432554
Mikel,Lashmar,Denys,93975096
Orson,Jekyll,Christin,85191786
Brynne,Loughrey,Cardwell,62450713
Dex,Skelton,Kennally,71485487
Gillan,Furze,McLae,37476619
Clarey,Afield,Pankethman,89891910
Shandy,Florence,Keizman,94270547
Nisse,Loxdale,Caitlin,45701213
Hesther,Bawles,Birrel,84020584
Maurise,Arnao,Kimbrough,88622600
Ingar,Vampouille,Bevir,42048507
Fedora,O'Brallaghan,Zecchi,89330834
Silvio,Garci,Canniffe,50184269
Griz,Liddington,Fernao,90358352
Ignacio,Gooderridge,Obington,77065542
Sheilakathryn,Riby,Bollins,86769239
Lothario,Selwin,Brettel,96539179
Jilli,Cackett,Wandrey,39901771
Ricki,Coupland,Iacovino,28539097
Barbee,Bason,Byrne,18751293
Reinaldos,Grayshon,Drexel,54696315
Ag,Carayol,Teers,89004168
Ashly,Jahnig,Owain,91323501
Liv,Lampl,Dechelette,58803473
Salome,Rushbrooke,Windebank,44843965
Virginie,Cartmell,Aloshkin,35445192
Eldon,Mounch,Haysham,12589730
Nefen,Cabrer,Drysdale,46833676
Deanna,Jeannesson,Tutin,25447006
Glyn,Pockey,Outhwaite,32294392
Etheline,Lanning,Dufore,36766487
Marline,Trevers,Hollyar,68019262
Weylin,Crottagh,Yerbury,83687307
Durand,Fillery,Carwithim,27421806
Karen,Lowre,Kenen,88128075
Adrien,Gergus,Bird,86210891
Kristoforo,Todhunter,Fearney,19563900
Kariotta,Blundel,Trenholme,97077691
Daniela,D'Errico,Rentalll,69920544
Zaneta,Woodcroft,Lowth,74431470
Waverly,Bonavia,Calverd,57166012
Kristos,Kliemke,Persehouse,73858515
Piper,Sisley,Hanrahan,53462157
Jorie,Granleese,Tizard,82348439
Elaina,Kliesl,Jarnell,36185902
Eartha,Scowcroft,Awdry,88036747
Normy,Chinnock,Yuryatin,52562501
Hew,Smythin,Kleimt,73836653
Renelle,Grivori,Deniseau,41615310
Humfrey,Schermick,Dossett,57901318
Sasha,Grinyakin,Casserly,43164399
Brew,Boler,Limon,96311868
Amber,Sprasen,Heathcott,92086450
Magnum,Tunnacliffe,Ealden,88141126
Udell,Scotson,Dorot,66326064
Michail,Grinval,Castiblanco,39353451
Demetris,Baumaier,Llewhellin,20922678
Christoph,Larkby,Cordobes,14421085
Neville,Saltman,Farney,56882159
Frankie,Castiblanco,Farfoot,25207771
Andree,Itzcovich,Mayall,60969029
Bidget,Bedder,Tourne,88451352
Jobyna,Mation,Harsum,71874924
Andi,Langton,Bergeau,23379298